*RE-757TE*,,*RE-758TF*,,*RE-759TG*,,*RE-760T8*
*RE-761T9*,,*RE-762TA*,,*RE-763TB*,,*RE-764TC*
*RE-765TD*,,*RE-766TE*,,*RE-767TF*,,*RE-768TG*
*RE-769TH*,,*RE-770T9*,,*RE-771TA*,,*RE-772TB*
*RE-773TC*,,*RE-774TD*,,*RE-775TE*,,*RE-776TF*
*RE-777TG*,,*RE-778TH*,,*RE-779TI*,,*RE-780TA*
*RE-781TB*,,*RE-782TC*,,*RE-783TD*,,*RE-784TE*
*RE-785TF*,,*RE-786TG*,,*RE-787TH*,,*RE-788TI*
*RE-789TJ*,,*RE-790TB*,,*RE-791TC*,,*RE-792TD*
*RE-793TE*,,*RE-794TF*,,*RE-795TG*,,*RE-796TH*
*RE-797TI*,,*RE-798TJ*,,*RE-799TK*,,*RE-800T3*
*RE-801T4*,,*RE-802T5*,,*RE-803T6*,,